year,quarter,qoq_revenue_change_percentage
2018,2,-27.22606714
2018,3,-32.31500635
2018,4,-3.48051298
